{
    "model.layers.0.self_attn.q_proj": 157.33694458007812,
    "model.layers.0.self_attn.k_proj": 136.1499481201172,
    "model.layers.0.self_attn.v_proj": 348.2232971191406,
    "model.layers.0.self_attn.o_proj": 379.79779052734375,
    "model.layers.0.mlp.gate_proj": 621.2739868164062,
    "model.layers.0.mlp.up_proj": 643.5174560546875,
    "model.layers.0.mlp.down_proj": 610.6474609375,
    "model.layers.1.self_attn.q_proj": 400.94915771484375,
    "model.layers.1.self_attn.k_proj": 202.90220642089844,
    "model.layers.1.self_attn.v_proj": 601.2860717773438,
    "model.layers.1.self_attn.o_proj": 463.3804016113281,
    "model.layers.1.mlp.gate_proj": 838.919677734375,
    "model.layers.1.mlp.up_proj": 798.24609375,
    "model.layers.1.mlp.down_proj": 715.6500854492188,
    "model.layers.2.self_attn.q_proj": 298.2230224609375,
    "model.layers.2.self_attn.k_proj": 270.5567932128906,
    "model.layers.2.self_attn.v_proj": 721.729248046875,
    "model.layers.2.self_attn.o_proj": 482.7403564453125,
    "model.layers.2.mlp.gate_proj": 700.2479858398438,
    "model.layers.2.mlp.up_proj": 678.94482421875,
    "model.layers.2.mlp.down_proj": 739.35009765625,
    "model.layers.3.self_attn.q_proj": 79.82324981689453,
    "model.layers.3.self_attn.k_proj": 430.2785339355469,
    "model.layers.3.self_attn.v_proj": 724.2777099609375,
    "model.layers.3.self_attn.o_proj": 570.4414672851562,
    "model.layers.3.mlp.gate_proj": 827.0746459960938,
    "model.layers.3.mlp.up_proj": 740.11181640625,
    "model.layers.3.mlp.down_proj": 814.2949829101562,
    "model.layers.4.self_attn.q_proj": 306.4808349609375,
    "model.layers.4.self_attn.k_proj": 523.8843383789062,
    "model.layers.4.self_attn.v_proj": 753.875244140625,
    "model.layers.4.self_attn.o_proj": 538.396240234375,
    "model.layers.4.mlp.gate_proj": 748.1248779296875,
    "model.layers.4.mlp.up_proj": 647.2171020507812,
    "model.layers.4.mlp.down_proj": 702.1524047851562,
    "model.layers.5.self_attn.q_proj": 419.0579833984375,
    "model.layers.5.self_attn.k_proj": 483.7830810546875,
    "model.layers.5.self_attn.v_proj": 572.1625366210938,
    "model.layers.5.self_attn.o_proj": 554.270263671875,
    "model.layers.5.mlp.gate_proj": 819.2183837890625,
    "model.layers.5.mlp.up_proj": 710.1940307617188,
    "model.layers.5.mlp.down_proj": 748.8450927734375,
    "model.layers.6.self_attn.q_proj": 456.3466491699219,
    "model.layers.6.self_attn.k_proj": 453.3187561035156,
    "model.layers.6.self_attn.v_proj": 552.3475341796875,
    "model.layers.6.self_attn.o_proj": 369.7373046875,
    "model.layers.6.mlp.gate_proj": 728.2533569335938,
    "model.layers.6.mlp.up_proj": 657.9335327148438,
    "model.layers.6.mlp.down_proj": 648.3229370117188,
    "model.layers.7.self_attn.q_proj": 498.6719055175781,
    "model.layers.7.self_attn.k_proj": 623.2816162109375,
    "model.layers.7.self_attn.v_proj": 472.4885559082031,
    "model.layers.7.self_attn.o_proj": 485.1571350097656,
    "model.layers.7.mlp.gate_proj": 621.4495239257812,
    "model.layers.7.mlp.up_proj": 589.7167358398438,
    "model.layers.7.mlp.down_proj": 629.6038208007812,
    "model.layers.8.self_attn.q_proj": 355.9278564453125,
    "model.layers.8.self_attn.k_proj": 619.0820922851562,
    "model.layers.8.self_attn.v_proj": 634.7280883789062,
    "model.layers.8.self_attn.o_proj": 377.21966552734375,
    "model.layers.8.mlp.gate_proj": 745.5325927734375,
    "model.layers.8.mlp.up_proj": 603.8153076171875,
    "model.layers.8.mlp.down_proj": 768.1734008789062,
    "model.layers.9.self_attn.q_proj": 297.31890869140625,
    "model.layers.9.self_attn.k_proj": 280.4148864746094,
    "model.layers.9.self_attn.v_proj": 473.50665283203125,
    "model.layers.9.self_attn.o_proj": 232.15736389160156,
    "model.layers.9.mlp.gate_proj": 749.948974609375,
    "model.layers.9.mlp.up_proj": 732.0487060546875,
    "model.layers.9.mlp.down_proj": 583.1541748046875,
    "model.layers.10.self_attn.q_proj": 314.0166320800781,
    "model.layers.10.self_attn.k_proj": 284.64349365234375,
    "model.layers.10.self_attn.v_proj": 459.7626037597656,
    "model.layers.10.self_attn.o_proj": 195.23822021484375,
    "model.layers.10.mlp.gate_proj": 613.4362182617188,
    "model.layers.10.mlp.up_proj": 683.693603515625,
    "model.layers.10.mlp.down_proj": 629.7482299804688,
    "model.layers.11.self_attn.q_proj": 456.20953369140625,
    "model.layers.11.self_attn.k_proj": 309.2879333496094,
    "model.layers.11.self_attn.v_proj": 607.9225463867188,
    "model.layers.11.self_attn.o_proj": 514.3297119140625,
    "model.layers.11.mlp.gate_proj": 727.819580078125,
    "model.layers.11.mlp.up_proj": 629.7696533203125,
    "model.layers.11.mlp.down_proj": 775.053466796875,
    "model.layers.12.self_attn.q_proj": 306.5987548828125,
    "model.layers.12.self_attn.k_proj": 273.8044128417969,
    "model.layers.12.self_attn.v_proj": 564.8296508789062,
    "model.layers.12.self_attn.o_proj": 245.07899475097656,
    "model.layers.12.mlp.gate_proj": 704.2686767578125,
    "model.layers.12.mlp.up_proj": 685.5504760742188,
    "model.layers.12.mlp.down_proj": 712.93505859375,
    "model.layers.13.self_attn.q_proj": 249.61236572265625,
    "model.layers.13.self_attn.k_proj": 234.7061004638672,
    "model.layers.13.self_attn.v_proj": 409.58990478515625,
    "model.layers.13.self_attn.o_proj": 184.67601013183594,
    "model.layers.13.mlp.gate_proj": 697.739501953125,
    "model.layers.13.mlp.up_proj": 523.3731689453125,
    "model.layers.13.mlp.down_proj": 887.02392578125,
    "model.layers.14.self_attn.q_proj": 212.03619384765625,
    "model.layers.14.self_attn.k_proj": 420.36016845703125,
    "model.layers.14.self_attn.v_proj": 480.4751892089844,
    "model.layers.14.self_attn.o_proj": 265.55633544921875,
    "model.layers.14.mlp.gate_proj": 767.99169921875,
    "model.layers.14.mlp.up_proj": 555.20068359375,
    "model.layers.14.mlp.down_proj": 684.749755859375,
    "model.layers.15.self_attn.q_proj": 315.69073486328125,
    "model.layers.15.self_attn.k_proj": 375.91192626953125,
    "model.layers.15.self_attn.v_proj": 496.96832275390625,
    "model.layers.15.self_attn.o_proj": 370.0089111328125,
    "model.layers.15.mlp.gate_proj": 651.1363525390625,
    "model.layers.15.mlp.up_proj": 534.9970092773438,
    "model.layers.15.mlp.down_proj": 661.7727661132812,
    "model.layers.16.self_attn.q_proj": 260.4554138183594,
    "model.layers.16.self_attn.k_proj": 319.2784729003906,
    "model.layers.16.self_attn.v_proj": 585.1961669921875,
    "model.layers.16.self_attn.o_proj": 295.5241394042969,
    "model.layers.16.mlp.gate_proj": 729.3377075195312,
    "model.layers.16.mlp.up_proj": 678.057373046875,
    "model.layers.16.mlp.down_proj": 757.6536865234375,
    "model.layers.17.self_attn.q_proj": 390.46417236328125,
    "model.layers.17.self_attn.k_proj": 312.05255126953125,
    "model.layers.17.self_attn.v_proj": 443.95947265625,
    "model.layers.17.self_attn.o_proj": 464.2421875,
    "model.layers.17.mlp.gate_proj": 598.4702758789062,
    "model.layers.17.mlp.up_proj": 590.9576416015625,
    "model.layers.17.mlp.down_proj": 749.3920288085938,
    "model.layers.18.self_attn.q_proj": 403.9100036621094,
    "model.layers.18.self_attn.k_proj": 291.9253234863281,
    "model.layers.18.self_attn.v_proj": 482.029052734375,
    "model.layers.18.self_attn.o_proj": 235.34664916992188,
    "model.layers.18.mlp.gate_proj": 629.2577514648438,
    "model.layers.18.mlp.up_proj": 572.5230712890625,
    "model.layers.18.mlp.down_proj": 745.9650268554688,
    "model.layers.19.self_attn.q_proj": 258.44921875,
    "model.layers.19.self_attn.k_proj": 181.7031707763672,
    "model.layers.19.self_attn.v_proj": 444.7085876464844,
    "model.layers.19.self_attn.o_proj": 180.94810485839844,
    "model.layers.19.mlp.gate_proj": 705.6993408203125,
    "model.layers.19.mlp.up_proj": 613.5780029296875,
    "model.layers.19.mlp.down_proj": 716.4044189453125,